Nombre,URL,Lenguaje Principal,AWS,Azure,Docker,GitHub Actions,Google Cloud,Heroku,Netlify,Terraform,Vercel
proyecto_curso-intranet-universidad-matricula,https://github.com/UPT-FAING-EPIS/proyecto_curso-intranet-universidad-matricula,HTML,False,False,False,False,False,False,False,False,False
proyecto_curso-intranet-cursos,https://github.com/UPT-FAING-EPIS/proyecto_curso-intranet-cursos,Python,False,False,False,True,False,False,False,False,False
proyecto_curso-tienda-de-zapatillas-kalpten,https://github.com/UPT-FAING-EPIS/proyecto_curso-tienda-de-zapatillas-kalpten,Java,False,False,False,False,False,False,False,False,False
proyecto_curso-laboratorio-automotriz-laditec,https://github.com/UPT-FAING-EPIS/proyecto_curso-laboratorio-automotriz-laditec,CSS,False,False,False,True,False,False,False,False,False
proyecto_curso-intranet-asistencias,https://github.com/UPT-FAING-EPIS/proyecto_curso-intranet-asistencias,C#,False,False,False,False,False,False,False,False,False
proyecto_curso_app_banca-api_usuario,https://github.com/UPT-FAING-EPIS/proyecto_curso_app_banca-api_usuario,TypeScript,False,False,True,False,True,False,False,False,False
proyecto_curso_app_banca-api_productos,https://github.com/UPT-FAING-EPIS/proyecto_curso_app_banca-api_productos,C#,False,False,False,False,False,False,False,False,False
proyecto_curso_app_banca-api_notificaciones,https://github.com/UPT-FAING-EPIS/proyecto_curso_app_banca-api_notificaciones,PHP,False,False,False,False,False,False,False,False,False
proyecto_curso_app_banca-api_servicios,https://github.com/UPT-FAING-EPIS/proyecto_curso_app_banca-api_servicios,Python,False,False,False,False,False,False,False,False,False
proyecto_curso_app_banca-api_operacion,https://github.com/UPT-FAING-EPIS/proyecto_curso_app_banca-api_operacion,Java,False,False,False,False,False,False,False,False,False
proyecto_unidad_ii-intranet-asistencias,https://github.com/UPT-FAING-EPIS/proyecto_unidad_ii-intranet-asistencias,C#,False,False,True,True,False,False,False,False,False
proyecto_unidad_ii-intranet-cursos,https://github.com/UPT-FAING-EPIS/proyecto_unidad_ii-intranet-cursos,Python,False,False,False,True,False,False,False,False,False
proyecto_unidad_ii-intranet-universidad-matricula,https://github.com/UPT-FAING-EPIS/proyecto_unidad_ii-intranet-universidad-matricula,HTML,False,False,False,False,False,False,False,False,False
proyecto-unidad-iii-pds-api_notificaciones,https://github.com/UPT-FAING-EPIS/proyecto-unidad-iii-pds-api_notificaciones,JavaScript,False,False,False,False,False,False,False,False,False
proyecto-unidad-iii-pds-api_servicios,https://github.com/UPT-FAING-EPIS/proyecto-unidad-iii-pds-api_servicios,Python,False,False,False,False,False,False,False,False,False
proyecto-unidad-iii-pds-api_operacion,https://github.com/UPT-FAING-EPIS/proyecto-unidad-iii-pds-api_operacion,Java,False,False,False,False,False,False,False,False,False
proyecto-unidad-i-grupo-1-ac-jc-jj-jr-jv,https://github.com/UPT-FAING-EPIS/proyecto-unidad-i-grupo-1-ac-jc-jj-jr-jv,C#,False,False,False,False,False,False,False,False,False
proyecto-smi-2023-ii-u1-moana,https://github.com/UPT-FAING-EPIS/proyecto-smi-2023-ii-u1-moana,C#,False,False,False,False,False,False,False,False,False
proyecto-smi-2023-ii-u1-appcrafters,https://github.com/UPT-FAING-EPIS/proyecto-smi-2023-ii-u1-appcrafters,LLVM,False,False,False,False,False,False,False,False,False
proyecto-smi-2023-ii-u1-mauiteam,https://github.com/UPT-FAING-EPIS/proyecto-smi-2023-ii-u1-mauiteam,LLVM,False,False,False,False,False,False,False,False,False
proyecto-smi-2023-ii-u1-brawlhalla,https://github.com/UPT-FAING-EPIS/proyecto-smi-2023-ii-u1-brawlhalla,Java,False,False,False,False,False,False,False,False,False
proyecto-smi-2023-ii-u1-moviles5,https://github.com/UPT-FAING-EPIS/proyecto-smi-2023-ii-u1-moviles5,Kotlin,False,False,False,False,False,False,False,False,False
proyecto-cps-2023-ii-u1-proyecto_calidadu1_grupal_valverde,https://github.com/UPT-FAING-EPIS/proyecto-cps-2023-ii-u1-proyecto_calidadu1_grupal_valverde,Java,False,False,False,False,False,False,False,False,False
proyecto-cps-2023-ii-u1-sistema-de-gestion-hotelera,https://github.com/UPT-FAING-EPIS/proyecto-cps-2023-ii-u1-sistema-de-gestion-hotelera,Java,False,False,False,False,False,False,False,False,False
proyecto-smi-2023-ii-u2-grupogym,https://github.com/UPT-FAING-EPIS/proyecto-smi-2023-ii-u2-grupogym,Kotlin,False,False,False,False,False,False,False,False,False
proyecto-smi-2023-ii-u2-streamfy_team,https://github.com/UPT-FAING-EPIS/proyecto-smi-2023-ii-u2-streamfy_team,LLVM,False,False,False,False,False,False,False,False,False
proyecto-smi-2023-ii-u2-moanatracker,https://github.com/UPT-FAING-EPIS/proyecto-smi-2023-ii-u2-moanatracker,C#,False,False,False,False,False,False,False,False,False
proyecto-2023-ii-bdii-u3-gestion-de-usuario,https://github.com/UPT-FAING-EPIS/proyecto-2023-ii-bdii-u3-gestion-de-usuario,Python,False,False,False,True,False,False,False,False,False
proyecto-smi-2023-ii-u2-mangaverse,https://github.com/UPT-FAING-EPIS/proyecto-smi-2023-ii-u2-mangaverse,LLVM,False,False,False,False,False,False,False,False,False
proyecto-smi-2023-ii-u2-stageapp_brawlhalla,https://github.com/UPT-FAING-EPIS/proyecto-smi-2023-ii-u2-stageapp_brawlhalla,C++,False,False,False,False,False,False,False,False,False
proyecto-2023-ii-bdii-u3-gestion-de-viajes,https://github.com/UPT-FAING-EPIS/proyecto-2023-ii-bdii-u3-gestion-de-viajes,PHP,False,False,False,False,False,False,False,False,False
proyecto-2023-ii-bdii-u3-grupo-1-ac-jc-jj-jr-jv,https://github.com/UPT-FAING-EPIS/proyecto-2023-ii-bdii-u3-grupo-1-ac-jc-jj-jr-jv,PHP,False,False,False,False,False,False,False,False,False
proyecto-si784-2024-i-u1-tgu1_briceno_lopez_cuadros_castaneda,https://github.com/UPT-FAING-EPIS/proyecto-si784-2024-i-u1-tgu1_briceno_lopez_cuadros_castaneda,PHP,False,False,False,False,False,False,False,False,False
proyecto-si784-2024-i-u1-tgu2_cabrera_agreda_meza_ortiz,https://github.com/UPT-FAING-EPIS/proyecto-si784-2024-i-u1-tgu2_cabrera_agreda_meza_ortiz,Java,False,False,False,True,False,False,False,False,False
proyecto-si784-2024-i-u1-cps_apaza_paco_lupaca_escobar,https://github.com/UPT-FAING-EPIS/proyecto-si784-2024-i-u1-cps_apaza_paco_lupaca_escobar,PHP,False,False,False,False,False,False,False,False,False
proyecto-si784-2024-i-u1-tgu3_hurtado_melendez_paja,https://github.com/UPT-FAING-EPIS/proyecto-si784-2024-i-u1-tgu3_hurtado_melendez_paja,Java,False,False,False,False,False,False,False,False,False
proyecto-si784-2024-i-u1-tgu4_apaza_cutipa__churacutipa_huallpa,https://github.com/UPT-FAING-EPIS/proyecto-si784-2024-i-u1-tgu4_apaza_cutipa__churacutipa_huallpa,PHP,False,False,False,False,False,False,False,False,False
proyecto-si685-2024-i-u1-final-poma_floresramos_ayma_tapia_u1,https://github.com/UPT-FAING-EPIS/proyecto-si685-2024-i-u1-final-poma_floresramos_ayma_tapia_u1,HTML,False,False,False,False,False,False,False,False,False
proyecto-si685-2024-i-u1-final-grupo-01,https://github.com/UPT-FAING-EPIS/proyecto-si685-2024-i-u1-final-grupo-01,HTML,False,False,False,False,False,False,False,False,False
proyecto-si685-2024-i-u1-final-barrios_chire_fernandez_floresm_u1,https://github.com/UPT-FAING-EPIS/proyecto-si685-2024-i-u1-final-barrios_chire_fernandez_floresm_u1,C#,False,False,False,False,False,False,False,False,False
proyecto-si888-2024-i-u1-final-unity_gamedeveloper,https://github.com/UPT-FAING-EPIS/proyecto-si888-2024-i-u1-final-unity_gamedeveloper,C#,False,False,False,False,False,False,False,False,False
proyecto-si888-2024-i-u1-final-unity_pomamanchego_salluca_lostanau,https://github.com/UPT-FAING-EPIS/proyecto-si888-2024-i-u1-final-unity_pomamanchego_salluca_lostanau,C#,False,False,False,False,False,False,False,False,False
proyecto-si888-2024-i-u1-final-villanueva_neira_condori,https://github.com/UPT-FAING-EPIS/proyecto-si888-2024-i-u1-final-villanueva_neira_condori,C#,False,False,False,False,False,False,False,False,False
proyecto-si685-2024-i-u2-grupo01,https://github.com/UPT-FAING-EPIS/proyecto-si685-2024-i-u2-grupo01,CSS,False,False,False,False,False,False,False,False,False
proyecto-si685-2024-i-u2-grupo02,https://github.com/UPT-FAING-EPIS/proyecto-si685-2024-i-u2-grupo02,Java,False,False,False,False,False,False,False,False,False
proyecto-si885-2024-i-u2-paco_ccalli_zevallos_salinas_anahua,https://github.com/UPT-FAING-EPIS/proyecto-si885-2024-i-u2-paco_ccalli_zevallos_salinas_anahua,R,False,False,False,False,False,False,False,False,False
proyecto-si784-2024-i-u2-svm_apaza_paco_lupaca_escobar,https://github.com/UPT-FAING-EPIS/proyecto-si784-2024-i-u2-svm_apaza_paco_lupaca_escobar,HTML,False,False,False,False,False,False,False,False,False
proyecto-si784-2024-i-u2-saemcc_apaza_cutipa_churacutipa_huallpa,https://github.com/UPT-FAING-EPIS/proyecto-si784-2024-i-u2-saemcc_apaza_cutipa_churacutipa_huallpa,PHP,False,False,False,False,False,False,False,False,False
proyecto-si784-2024-i-u2-tgu2_briceno_lopez_cuadros_castaneda,https://github.com/UPT-FAING-EPIS/proyecto-si784-2024-i-u2-tgu2_briceno_lopez_cuadros_castaneda,HTML,False,False,False,False,False,False,False,False,False
proyecto-si685-2024-i-u3-proyecto_pdf_u3_grupo_3,https://github.com/UPT-FAING-EPIS/proyecto-si685-2024-i-u3-proyecto_pdf_u3_grupo_3,Java,False,False,False,True,False,False,False,False,False
proyecto-si784-2024-i-u3-pysustainpartners,https://github.com/UPT-FAING-EPIS/proyecto-si784-2024-i-u3-pysustainpartners,Java,False,False,False,True,False,False,False,False,False
proyecto-si685-2024-i-u3-proyecto_urls_u3_grupo_2,https://github.com/UPT-FAING-EPIS/proyecto-si685-2024-i-u3-proyecto_urls_u3_grupo_2,Python,False,False,False,True,False,False,False,False,False
proyecto-si888-2024-i-u3-zombiewardefender,https://github.com/UPT-FAING-EPIS/proyecto-si888-2024-i-u3-zombiewardefender,C#,False,False,False,False,False,False,False,False,False
proyecto-si784-2024-i-u3-pybloodbank,https://github.com/UPT-FAING-EPIS/proyecto-si784-2024-i-u3-pybloodbank,HTML,False,False,False,False,False,False,False,False,False
proyecto-si885-2024-i-u3-salinas_anahua_zevallos_paco_ccalli,https://github.com/UPT-FAING-EPIS/proyecto-si885-2024-i-u3-salinas_anahua_zevallos_paco_ccalli,R,False,False,False,False,False,False,False,False,False
proyecto-si784-2024-i-u3-pysalesperson,https://github.com/UPT-FAING-EPIS/proyecto-si784-2024-i-u3-pysalesperson,HTML,False,False,False,False,False,False,False,False,False
proyecto-si784-2024-i-u3-pysistemamaquinariassosa,https://github.com/UPT-FAING-EPIS/proyecto-si784-2024-i-u3-pysistemamaquinariassosa,PHP,False,False,False,False,False,False,False,False,False
proyecto-si888-2024-i-u3-renatitobot,https://github.com/UPT-FAING-EPIS/proyecto-si888-2024-i-u3-renatitobot,C#,False,False,False,False,False,False,False,False,False
proyecto-si888-2024-i-u3-parkout-astroneer-1,https://github.com/UPT-FAING-EPIS/proyecto-si888-2024-i-u3-parkout-astroneer-1,ASP.NET,False,False,False,False,False,False,False,False,False
proyecto-si685-2024-i-u3-proyecto_urls_u3_grupo_1,https://github.com/UPT-FAING-EPIS/proyecto-si685-2024-i-u3-proyecto_urls_u3_grupo_1,Python,False,False,False,True,False,False,False,False,False
proyecto-si784-2024-i-u3-pysistemaalquilerdevehiculos,https://github.com/UPT-FAING-EPIS/proyecto-si784-2024-i-u3-pysistemaalquilerdevehiculos,HTML,False,False,False,False,False,False,False,False,False
proyecto-si885-2024-ii-u1-tg01apazachuracutcutiescohuallpa,https://github.com/UPT-FAING-EPIS/proyecto-si885-2024-ii-u1-tg01apazachuracutcutiescohuallpa,Python,False,False,False,True,False,False,False,False,False
proyecto-si885-2024-ii-u1-tgu01lunaquispemamanihernandezmeza,https://github.com/UPT-FAING-EPIS/proyecto-si885-2024-ii-u1-tgu01lunaquispemamanihernandezmeza,HCL,False,True,False,True,False,False,False,True,False
proyecto-si8811a-2024-ii-u1-pruebas-cano-valverde,https://github.com/UPT-FAING-EPIS/proyecto-si8811a-2024-ii-u1-pruebas-cano-valverde,Python,False,False,True,True,False,False,False,False,False
proyecto-si8811a-2024-ii-u1-desarrollo-api-back,https://github.com/UPT-FAING-EPIS/proyecto-si8811a-2024-ii-u1-desarrollo-api-back,HCL,True,False,False,True,False,False,False,True,False
proyecto-si8811a-2024-ii-u1-pruebas-2-rivera-lupaca,https://github.com/UPT-FAING-EPIS/proyecto-si8811a-2024-ii-u1-pruebas-2-rivera-lupaca,Python,False,False,False,True,False,False,False,False,False
proyecto-si8811a-2024-ii-u1-apis-y-funciones-jarro-y-valle,https://github.com/UPT-FAING-EPIS/proyecto-si8811a-2024-ii-u1-apis-y-funciones-jarro-y-valle,C#,False,False,True,False,False,False,False,False,False
proyecto-si8811a-2024-ii-u1-api-y-funciones-zevallos-y-anahua,https://github.com/UPT-FAING-EPIS/proyecto-si8811a-2024-ii-u1-api-y-funciones-zevallos-y-anahua,Python,False,False,False,True,False,False,False,False,False
proyecto-si784-2024-ii-u1-hernandez_paja_contreras,https://github.com/UPT-FAING-EPIS/proyecto-si784-2024-ii-u1-hernandez_paja_contreras,HTML,False,False,False,True,False,False,False,False,False
proyecto-si784-2024-ii-u1-ayma_poma_tapia,https://github.com/UPT-FAING-EPIS/proyecto-si784-2024-ii-u1-ayma_poma_tapia,HTML,False,False,False,True,False,False,False,False,False
proyecto-si784-2024-ii-u1-FloresR_Salinas_ticahuanca,https://github.com/UPT-FAING-EPIS/proyecto-si784-2024-ii-u1-FloresR_Salinas_ticahuanca,C#,False,False,False,True,False,False,False,False,False
proyecto-si784-2024-ii-u1-chambi_floresq_leyva,https://github.com/UPT-FAING-EPIS/proyecto-si784-2024-ii-u1-chambi_floresq_leyva,PureBasic,False,False,False,True,False,False,False,False,False
proyecto-si784-2024-ii-u1-aguilar_caxi_chata,https://github.com/UPT-FAING-EPIS/proyecto-si784-2024-ii-u1-aguilar_caxi_chata,CSS,False,False,False,True,False,False,False,False,False
proyecto-si8811a-2024-ii-u1-apis-y-funciones-meza-y-churacutipa,https://github.com/UPT-FAING-EPIS/proyecto-si8811a-2024-ii-u1-apis-y-funciones-meza-y-churacutipa,Python,False,False,True,True,False,False,False,False,False
proyecto-si784-2024-ii-u1-pyfanpage,https://github.com/UPT-FAING-EPIS/proyecto-si784-2024-ii-u1-pyfanpage,PHP,False,False,True,True,False,False,False,False,False
proyecto-si8811b-2024-ii-u1-infrastructure,https://github.com/UPT-FAING-EPIS/proyecto-si8811b-2024-ii-u1-infrastructure,HCL,False,True,False,True,False,False,False,True,False
proyecto-si8811b-2024-ii-u1-web-hernandez-contreras,https://github.com/UPT-FAING-EPIS/proyecto-si8811b-2024-ii-u1-web-hernandez-contreras,JavaScript,False,False,False,True,False,False,False,False,False
proyecto-si8811b-2024-ii-u1-backend-go,https://github.com/UPT-FAING-EPIS/proyecto-si8811b-2024-ii-u1-backend-go,Go,False,False,False,False,False,False,False,False,False
proyecto-si8811a-2024-ii-u1-web-development,https://github.com/UPT-FAING-EPIS/proyecto-si8811a-2024-ii-u1-web-development,TypeScript,True,False,True,True,False,False,False,False,True
proyecto-si8811a-2024-ii-u1-pruebas-3-roberto-y-piero,https://github.com/UPT-FAING-EPIS/proyecto-si8811a-2024-ii-u1-pruebas-3-roberto-y-piero,Python,False,False,False,False,False,False,False,False,False
proyecto-si8811a-2024-ii-u2-qa-pruebas-valverde-cano,https://github.com/UPT-FAING-EPIS/proyecto-si8811a-2024-ii-u2-qa-pruebas-valverde-cano,Python,False,False,False,True,False,False,False,False,False
proyecto-si885-2024-ii-u2-tg01apazachuracutcutiescohuallpas,https://github.com/UPT-FAING-EPIS/proyecto-si885-2024-ii-u2-tg01apazachuracutcutiescohuallpas,Python,True,False,False,True,False,False,False,True,False
proyecto-si885-2024-ii-u2-tg3melenhurtachinolopezbricecuadr,https://github.com/UPT-FAING-EPIS/proyecto-si885-2024-ii-u2-tg3melenhurtachinolopezbricecuadr,HCL,False,False,False,True,False,False,False,True,False
proyecto-si8811a-2024-ii-u2-web_development,https://github.com/UPT-FAING-EPIS/proyecto-si8811a-2024-ii-u2-web_development,TypeScript,True,False,True,True,False,False,False,False,True
proyecto-si8811a-2024-ii-u2-apis-y-funciones-jarro-y-valle-1,https://github.com/UPT-FAING-EPIS/proyecto-si8811a-2024-ii-u2-apis-y-funciones-jarro-y-valle-1,C#,False,False,True,True,False,False,False,False,False
proyecto-si885-2024-ii-u2-tg02agredacastanedacontrerasmalagaortiz,https://github.com/UPT-FAING-EPIS/proyecto-si885-2024-ii-u2-tg02agredacastanedacontrerasmalagaortiz,Python,False,True,False,True,False,False,False,True,False
proyecto-si8811b-2024-ii-u2-infra,https://github.com/UPT-FAING-EPIS/proyecto-si8811b-2024-ii-u2-infra,JavaScript,False,False,False,False,False,False,False,False,False
proyecto-si885-2024-ii-u2-tg04lunaquispemamanihernandezmeza,https://github.com/UPT-FAING-EPIS/proyecto-si885-2024-ii-u2-tg04lunaquispemamanihernandezmeza,HCL,False,True,False,True,False,False,False,True,False
proyecto-si885-2024-ii-u2-tg05chavezarcelirasoto,https://github.com/UPT-FAING-EPIS/proyecto-si885-2024-ii-u2-tg05chavezarcelirasoto,HCL,True,False,False,True,False,False,False,True,False
proyecto-si8811b-2024-ii-u2-backend_sync,https://github.com/UPT-FAING-EPIS/proyecto-si8811b-2024-ii-u2-backend_sync,HTML,False,False,False,True,False,False,False,False,False
proyecto-si784-2024-ii-u2-contreras_paja_hernandez,https://github.com/UPT-FAING-EPIS/proyecto-si784-2024-ii-u2-contreras_paja_hernandez,HTML,False,False,False,True,False,False,False,False,False
proyecto-si784-2024-ii-u2-caxi_aguilar_chata,https://github.com/UPT-FAING-EPIS/proyecto-si784-2024-ii-u2-caxi_aguilar_chata,HTML,False,False,False,True,False,False,False,False,False
proyecto-si784-2024-ii-u2-chambi_floresq_floresm_leyva,https://github.com/UPT-FAING-EPIS/proyecto-si784-2024-ii-u2-chambi_floresq_floresm_leyva,Python,False,False,False,True,False,False,False,False,False
proyecto-si784-2024-ii-u2-floresR_salinas_ticahuanca,https://github.com/UPT-FAING-EPIS/proyecto-si784-2024-ii-u2-floresR_salinas_ticahuanca,C#,False,False,False,True,False,False,False,False,False
proyecto-si784-2024-ii-u2-ayma_tapia_poma,https://github.com/UPT-FAING-EPIS/proyecto-si784-2024-ii-u2-ayma_tapia_poma,HTML,False,False,False,True,False,False,False,False,False
proyecto-si784-2024-ii-u2-chambilla_llantay,https://github.com/UPT-FAING-EPIS/proyecto-si784-2024-ii-u2-chambilla_llantay,HTML,False,False,True,True,False,False,False,False,False
proyecto-si8811a-2024-ii-u2-api-y-funciones-anahua,https://github.com/UPT-FAING-EPIS/proyecto-si8811a-2024-ii-u2-api-y-funciones-anahua,HTML,False,False,False,True,False,False,False,False,False
proyecto-si784-2024-ii-u3-reportes_chambilla_llantay,https://github.com/UPT-FAING-EPIS/proyecto-si784-2024-ii-u3-reportes_chambilla_llantay,HTML,False,False,True,True,False,False,False,False,False
proyecto-si8811a-2024-ii-u2-api-y-funciones-meza-y-castaneda,https://github.com/UPT-FAING-EPIS/proyecto-si8811a-2024-ii-u2-api-y-funciones-meza-y-castaneda,Python,False,False,False,True,False,False,False,False,False
proyecto-si885-2024-ii-u3-tg03agredacastanedacontrerasortiz,https://github.com/UPT-FAING-EPIS/proyecto-si885-2024-ii-u3-tg03agredacastanedacontrerasortiz,Python,False,True,False,True,False,False,False,True,False
proyecto-si885-2024-ii-u3-tg01apazachuracutcutiescohuallpass,https://github.com/UPT-FAING-EPIS/proyecto-si885-2024-ii-u3-tg01apazachuracutcutiescohuallpass,Jupyter Notebook,True,False,False,True,False,False,False,True,False
proyecto-si784-2024-ii-u3-caxi_aguilar,https://github.com/UPT-FAING-EPIS/proyecto-si784-2024-ii-u3-caxi_aguilar,JavaScript,False,False,False,True,False,False,False,False,False
proyecto-si885-2024-ii-u3-tgchavezarcelirasoto,https://github.com/UPT-FAING-EPIS/proyecto-si885-2024-ii-u3-tgchavezarcelirasoto,HCL,True,False,False,False,False,False,False,False,False
proyecto-si784-2024-ii-u3-floresramos_s_t,https://github.com/UPT-FAING-EPIS/proyecto-si784-2024-ii-u3-floresramos_s_t,JavaScript,False,False,False,True,False,False,False,False,False
proyecto-si784-2024-ii-u3-tapia_ayma_poma,https://github.com/UPT-FAING-EPIS/proyecto-si784-2024-ii-u3-tapia_ayma_poma,HTML,False,False,False,True,False,False,False,False,False
proyecto-si784-2024-ii-u3-floresq_leyva_chambi,https://github.com/UPT-FAING-EPIS/proyecto-si784-2024-ii-u3-floresq_leyva_chambi,Python,False,False,False,True,False,False,False,False,False
proyecto-si784-2024-ii-u3-hernandez_contreras_paja,https://github.com/UPT-FAING-EPIS/proyecto-si784-2024-ii-u3-hernandez_contreras_paja,HTML,False,False,False,True,False,False,False,False,False
proyecto-si885-2024-ii-u3-tgmezaquispelunamamanihernandez,https://github.com/UPT-FAING-EPIS/proyecto-si885-2024-ii-u3-tgmezaquispelunamamanihernandez,HCL,False,False,False,False,False,False,False,False,False
proyecto-si8811b-2024-ii-u2-frontendweb,https://github.com/UPT-FAING-EPIS/proyecto-si8811b-2024-ii-u2-frontendweb,JavaScript,False,False,False,False,False,False,False,False,False
proyecto-si982-2024-rec-u1-salinas-condori,https://github.com/UPT-FAING-EPIS/proyecto-si982-2024-rec-u1-salinas-condori,JavaScript,False,False,False,False,False,False,False,False,False
proyecto-si982-2024-rec-u1-delacruz_vela,https://github.com/UPT-FAING-EPIS/proyecto-si982-2024-rec-u1-delacruz_vela,HCL,False,False,False,False,False,False,False,False,False
proyecto-si982-2024-rec-u1-ccalli_apaza,https://github.com/UPT-FAING-EPIS/proyecto-si982-2024-rec-u1-ccalli_apaza,C#,False,False,False,False,False,False,False,False,False
proyecto-si982-2024-rec-u1-medina_zevallos,https://github.com/UPT-FAING-EPIS/proyecto-si982-2024-rec-u1-medina_zevallos,HCL,False,False,False,False,False,False,False,False,False
proyecto-si982-2024-rec-u1-concha-ticahuanca,https://github.com/UPT-FAING-EPIS/proyecto-si982-2024-rec-u1-concha-ticahuanca,C#,False,False,False,False,False,False,False,False,False
proyecto-si982-2024-rec-u2-proyectou2_web2_ccalli_apaza,https://github.com/UPT-FAING-EPIS/proyecto-si982-2024-rec-u2-proyectou2_web2_ccalli_apaza,C#,False,False,False,True,False,False,False,True,False
proyecto-si982-2024-rec-u2-proyecto_w2u2_salinas_condori,https://github.com/UPT-FAING-EPIS/proyecto-si982-2024-rec-u2-proyecto_w2u2_salinas_condori,JavaScript,False,True,True,True,False,False,False,True,False
proyecto-si982-2024-rec-u2-proyectowebu2_soto_llantay,https://github.com/UPT-FAING-EPIS/proyecto-si982-2024-rec-u2-proyectowebu2_soto_llantay,JavaScript,False,False,False,True,False,False,False,True,False
proyecto-si982-2024-rec-u2-conchaticahuanca,https://github.com/UPT-FAING-EPIS/proyecto-si982-2024-rec-u2-conchaticahuanca,C#,False,False,False,True,False,False,False,True,False
proyecto-si982-2024-rec-u2-proyectowebii-valverde-lizarraga,https://github.com/UPT-FAING-EPIS/proyecto-si982-2024-rec-u2-proyectowebii-valverde-lizarraga,JavaScript,False,False,False,True,False,False,False,True,False
proyecto-si982-2024-rec-u2-proyectou2_web2_medina_zevallos,https://github.com/UPT-FAING-EPIS/proyecto-si982-2024-rec-u2-proyectou2_web2_medina_zevallos,JavaScript,False,False,False,True,False,False,False,False,False
proyecto-si982-2024-rec-u3-sistemaveterinaria_ccalli_apaza_web2,https://github.com/UPT-FAING-EPIS/proyecto-si982-2024-rec-u3-sistemaveterinaria_ccalli_apaza_web2,C#,False,False,False,True,False,False,False,True,False
proyecto-si982-2024-rec-u3-gestiondocentes_delacruz_vela_web2,https://github.com/UPT-FAING-EPIS/proyecto-si982-2024-rec-u3-gestiondocentes_delacruz_vela_web2,TSQL,False,False,False,False,False,False,False,False,False
proyecto-si982-2024-rec-u3-sistemaloppify,https://github.com/UPT-FAING-EPIS/proyecto-si982-2024-rec-u3-sistemaloppify,JavaScript,False,True,True,True,False,False,False,True,False
proyecto-si982-2024-rec-u3-reservas-aula-labs-valverde-lizarraga,https://github.com/UPT-FAING-EPIS/proyecto-si982-2024-rec-u3-reservas-aula-labs-valverde-lizarraga,JavaScript,False,False,False,True,False,False,False,True,False
proyecto-si982-2024-rec-u3-concha-ticahuancau3,https://github.com/UPT-FAING-EPIS/proyecto-si982-2024-rec-u3-concha-ticahuancau3,C#,False,False,False,True,False,False,False,True,False
proyecto-si982-2024-rec-u3-proyectou3_web2_medina_zevallos,https://github.com/UPT-FAING-EPIS/proyecto-si982-2024-rec-u3-proyectou3_web2_medina_zevallos,JavaScript,False,False,False,True,False,False,False,False,False
proyecto-si982-2024-rec-u3-bolsa_trabajo_soto_llantay,https://github.com/UPT-FAING-EPIS/proyecto-si982-2024-rec-u3-bolsa_trabajo_soto_llantay,JavaScript,False,False,False,False,False,False,False,False,False
proyecto-si889-2025-i-u1-floresq_chambi_leyva,https://github.com/UPT-FAING-EPIS/proyecto-si889-2025-i-u1-floresq_chambi_leyva,Python,False,False,False,True,False,False,False,False,False
proyecto-si784-2025-i-u1-aas,https://github.com/UPT-FAING-EPIS/proyecto-si784-2025-i-u1-aas,PHP,False,False,False,True,False,False,False,False,False
proyecto-si784-2025-i-u1-fitmatch,https://github.com/UPT-FAING-EPIS/proyecto-si784-2025-i-u1-fitmatch,Java,False,False,False,False,False,False,False,False,False
proyecto-si784-2025-i-u1-sipre,https://github.com/UPT-FAING-EPIS/proyecto-si784-2025-i-u1-sipre,PHP,True,False,False,True,False,False,False,True,False
proyecto-si784-2025-i-u1-uni-adviser,https://github.com/UPT-FAING-EPIS/proyecto-si784-2025-i-u1-uni-adviser,PHP,False,False,False,True,False,False,False,False,False
proyecto-si885-2025-i-u1-chv_team,https://github.com/UPT-FAING-EPIS/proyecto-si885-2025-i-u1-chv_team,TSQL,False,False,False,False,False,False,False,False,False
proyecto-si885-2025-i-u1-tapia_ayma_poma_u1,https://github.com/UPT-FAING-EPIS/proyecto-si885-2025-i-u1-tapia_ayma_poma_u1,TSQL,False,False,False,True,False,False,False,True,False
proyecto-si885-2025-i-u1-fm_fr_fv,https://github.com/UPT-FAING-EPIS/proyecto-si885-2025-i-u1-fm_fr_fv,HCL,False,False,False,True,False,False,False,True,False
proyecto-si889-2025-i-u1-ticona_martinez_perez,https://github.com/UPT-FAING-EPIS/proyecto-si889-2025-i-u1-ticona_martinez_perez,JavaScript,False,False,False,True,False,False,False,True,False
proyecto-si889-2025-i-u1-agreda_contreras_ortiz,https://github.com/UPT-FAING-EPIS/proyecto-si889-2025-i-u1-agreda_contreras_ortiz,JavaScript,False,True,False,True,False,False,False,True,False
proyecto-si889-2025-i-u1-chite_paja,https://github.com/UPT-FAING-EPIS/proyecto-si889-2025-i-u1-chite_paja,HTML,False,False,False,False,False,False,False,False,False
proyecto-si889-2025-i-u1-docucode-ai,https://github.com/UPT-FAING-EPIS/proyecto-si889-2025-i-u1-docucode-ai,PHP,False,False,False,True,False,False,False,False,False
proyecto-si885-2025-i-u1-chambi_flores_leyva,https://github.com/UPT-FAING-EPIS/proyecto-si885-2025-i-u1-chambi_flores_leyva,Python,False,False,False,False,False,False,False,False,False
proyecto-si889-2025-i-u1-tapia_poma_ayma,https://github.com/UPT-FAING-EPIS/proyecto-si889-2025-i-u1-tapia_poma_ayma,Dart,False,False,False,True,False,False,False,False,False
proyecto-si889-2025-i-u1-team_fm_fr_fv,https://github.com/UPT-FAING-EPIS/proyecto-si889-2025-i-u1-team_fm_fr_fv,C#,False,True,False,True,False,False,False,True,False
proyecto-si889-2025-i-u1-proyecto_chambenina_patrones,https://github.com/UPT-FAING-EPIS/proyecto-si889-2025-i-u1-proyecto_chambenina_patrones,Dart,False,False,False,True,False,False,False,False,False
proyecto-si889-2025-i-u1-ccalli_cespedes,https://github.com/UPT-FAING-EPIS/proyecto-si889-2025-i-u1-ccalli_cespedes,HCL,False,False,False,True,False,False,False,True,False
proyecto-si784-2025-i-u2-documentos-ia,https://github.com/UPT-FAING-EPIS/proyecto-si784-2025-i-u2-documentos-ia,JavaScript,False,False,False,True,False,True,False,False,True
proyecto-si784-2025-i-u2-documentos_datafiller,https://github.com/UPT-FAING-EPIS/proyecto-si784-2025-i-u2-documentos_datafiller,HTML,False,True,False,True,False,False,False,True,False
proyecto-si784-2025-i-u2-markdown2video,https://github.com/UPT-FAING-EPIS/proyecto-si784-2025-i-u2-markdown2video,PHP,True,False,False,True,False,False,False,True,False
proyecto-si784-2025-i-u2-syntax,https://github.com/UPT-FAING-EPIS/proyecto-si784-2025-i-u2-syntax,HTML,False,False,False,True,False,False,False,True,False
proyecto-si889-2025-i-u2-pianorise_agreda_contreras_ortiz,https://github.com/UPT-FAING-EPIS/proyecto-si889-2025-i-u2-pianorise_agreda_contreras_ortiz,HTML,False,True,False,True,False,False,False,True,False
proyecto-si889-2025-i-u2-poma_ayma_tapia,https://github.com/UPT-FAING-EPIS/proyecto-si889-2025-i-u2-poma_ayma_tapia,Dart,False,False,False,True,False,False,False,False,False
proyecto-si784-2025-i-u2-scae-upt,https://github.com/UPT-FAING-EPIS/proyecto-si784-2025-i-u2-scae-upt,HTML,False,False,False,True,False,False,False,True,False
proyecto-si889-2025-i-u2-chambe_nina_condori,https://github.com/UPT-FAING-EPIS/proyecto-si889-2025-i-u2-chambe_nina_condori,C,False,False,False,True,False,False,False,False,False
proyecto-si889-2025-i-u2-leyva_chambi_floresq,https://github.com/UPT-FAING-EPIS/proyecto-si889-2025-i-u2-leyva_chambi_floresq,Python,False,True,True,True,False,False,False,True,False
proyecto-si889-2025-i-u2-lupaca_viveros_jarro,https://github.com/UPT-FAING-EPIS/proyecto-si889-2025-i-u2-lupaca_viveros_jarro,PHP,False,False,False,True,False,False,False,True,False
proyecto-si885-2025-i-u2-grupo_fv_fr_fm,https://github.com/UPT-FAING-EPIS/proyecto-si885-2025-i-u2-grupo_fv_fr_fm,Python,True,False,False,True,False,False,False,True,False
proyecto-si889-2025-i-u2-ticonamartinezperez,https://github.com/UPT-FAING-EPIS/proyecto-si889-2025-i-u2-ticonamartinezperez,JavaScript,False,False,False,True,False,False,False,True,False
proyecto-si885-2025-i-u2-chambi_floresqf_leyva,https://github.com/UPT-FAING-EPIS/proyecto-si885-2025-i-u2-chambi_floresqf_leyva,Python,False,False,False,True,False,False,False,True,False
proyecto-si885-2025-i-u2-grupo_bc_ch_rv,https://github.com/UPT-FAING-EPIS/proyecto-si885-2025-i-u2-grupo_bc_ch_rv,TSQL,False,True,False,True,False,False,False,True,False
proyecto-si885-2025-i-u2-grupo_ac_pm_tv,https://github.com/UPT-FAING-EPIS/proyecto-si885-2025-i-u2-grupo_ac_pm_tv,Python,False,False,False,True,False,False,False,True,False
proyecto-si885-2025-i-u2-grupo_hc_pc,https://github.com/UPT-FAING-EPIS/proyecto-si885-2025-i-u2-grupo_hc_pc,Python,False,True,False,True,False,False,False,True,False
proyecto-si889-2025-i-u2-floresr_floresm_fernandezv,https://github.com/UPT-FAING-EPIS/proyecto-si889-2025-i-u2-floresr_floresm_fernandezv,TypeScript,True,False,True,True,False,False,False,True,False
proyecto-si784-2025-i-u2-deadline-collision-predictor,https://github.com/UPT-FAING-EPIS/proyecto-si784-2025-i-u2-deadline-collision-predictor,JavaScript,False,True,True,True,False,True,False,True,False
proyecto-si889-2025-i-u2-scannerweb_ccalli_jarro,https://github.com/UPT-FAING-EPIS/proyecto-si889-2025-i-u2-scannerweb_ccalli_jarro,HTML,False,False,False,True,False,False,False,False,False
proyecto-si889-2025-i-u3-ticona-martinez-perez,https://github.com/UPT-FAING-EPIS/proyecto-si889-2025-i-u3-ticona-martinez-perez,Python,False,False,False,True,False,False,False,True,True
proyecto-si885-2025-i-u3-ayma_poma_tapiaa,https://github.com/UPT-FAING-EPIS/proyecto-si885-2025-i-u3-ayma_poma_tapiaa,TSQL,False,False,False,True,False,False,False,True,False
proyecto-si889-2025-i-u3-agreda-contreras-ortiz,https://github.com/UPT-FAING-EPIS/proyecto-si889-2025-i-u3-agreda-contreras-ortiz,HTML,False,True,False,True,False,False,False,True,False
proyecto-si885-2025-i-u3-floresq_chambi_leyvas,https://github.com/UPT-FAING-EPIS/proyecto-si885-2025-i-u3-floresq_chambi_leyvas,Python,False,False,False,True,False,False,False,True,False
proyecto-si885-2025-i-u3-fernandez_floresr_floresm,https://github.com/UPT-FAING-EPIS/proyecto-si885-2025-i-u3-fernandez_floresr_floresm,Python,False,False,False,False,False,False,False,False,False
proyecto-si889-2025-i-u3-chambe-nina-condori,https://github.com/UPT-FAING-EPIS/proyecto-si889-2025-i-u3-chambe-nina-condori,C,False,False,False,False,False,False,False,False,False
proyecto-si889-2025-i-u3-florer_floresm_fernandezv,https://github.com/UPT-FAING-EPIS/proyecto-si889-2025-i-u3-florer_floresm_fernandezv,TypeScript,True,False,True,True,False,False,False,True,False
proyecto-si889-2025-i-u3-docucode-ai-1,https://github.com/UPT-FAING-EPIS/proyecto-si889-2025-i-u3-docucode-ai-1,HCL,False,False,False,True,False,False,False,True,False
proyecto-si885-2025-i-u3-chite_hinojosa_villanueva,https://github.com/UPT-FAING-EPIS/proyecto-si885-2025-i-u3-chite_hinojosa_villanueva,TSQL,False,True,False,True,False,False,False,True,False
proyecto-si889-2025-i-u3-chite-floresq-leyva-chambi,https://github.com/UPT-FAING-EPIS/proyecto-si889-2025-i-u3-chite-floresq-leyva-chambi,Python,False,True,True,True,False,False,False,True,False
proyecto-si784-2025-i-u3-scaeupt,https://github.com/UPT-FAING-EPIS/proyecto-si784-2025-i-u3-scaeupt,HTML,False,False,False,True,False,False,False,True,False
proyecto-si784-2025-i-u3-grupo_markdown2video,https://github.com/UPT-FAING-EPIS/proyecto-si784-2025-i-u3-grupo_markdown2video,PHP,False,False,False,False,False,False,False,False,False
proyecto-si784-2025-i-u3-datafiller,https://github.com/UPT-FAING-EPIS/proyecto-si784-2025-i-u3-datafiller,HTML,False,True,False,True,False,False,False,True,False
proyecto-si784-2025-i-u3-docugen-ai,https://github.com/UPT-FAING-EPIS/proyecto-si784-2025-i-u3-docugen-ai,JavaScript,False,False,False,False,False,False,False,False,False
proyecto-si885-2025-i-u3-paja_hernadnez,https://github.com/UPT-FAING-EPIS/proyecto-si885-2025-i-u3-paja_hernadnez,Python,False,True,False,True,False,False,False,True,False
proyecto-si784-2025-i-u3-estudiantes-de-syntax,https://github.com/UPT-FAING-EPIS/proyecto-si784-2025-i-u3-estudiantes-de-syntax,PHP,False,True,False,True,False,False,False,False,False
proyecto-si784-2025-ii-u1-grupo-acc,https://github.com/UPT-FAING-EPIS/proyecto-si784-2025-ii-u1-grupo-acc,JavaScript,False,False,False,False,False,False,False,False,False
proyecto-si889-2025-ii-u1-cabrera_melendez,https://github.com/UPT-FAING-EPIS/proyecto-si889-2025-ii-u1-cabrera_melendez,C++,False,False,False,True,False,False,False,False,False
proyecto-si885-2025-ii-u1-animalsight-dashboard,https://github.com/UPT-FAING-EPIS/proyecto-si885-2025-ii-u1-animalsight-dashboard,Python,False,True,False,True,False,False,False,True,False
proyecto-si885-2025-ii-u1-fistdev,https://github.com/UPT-FAING-EPIS/proyecto-si885-2025-ii-u1-fistdev,Python,False,False,False,False,False,False,False,False,False
proyecto-si784-2025-ii-u1-grupo-_sab_bcc_frlv,https://github.com/UPT-FAING-EPIS/proyecto-si784-2025-ii-u1-grupo-_sab_bcc_frlv,HTML,False,False,False,False,False,False,False,False,False
proyecto-si784-2025-ii-u1-grupo-707,https://github.com/UPT-FAING-EPIS/proyecto-si784-2025-ii-u1-grupo-707,TeX,False,False,False,False,False,False,False,False,False
proyecto-si784-2025-ii-u1-grupo-vh_,https://github.com/UPT-FAING-EPIS/proyecto-si784-2025-ii-u1-grupo-vh_,Dart,False,False,False,False,False,False,False,False,False
proyecto-si784-2025-ii-u1-devsters,https://github.com/UPT-FAING-EPIS/proyecto-si784-2025-ii-u1-devsters,HCL,False,False,False,True,False,False,False,True,False
proyecto-si885-2025-ii-u1-camac_rosas,https://github.com/UPT-FAING-EPIS/proyecto-si885-2025-ii-u1-camac_rosas,Python,False,False,False,False,False,False,False,False,False
proyecto-si889-2025-ii-u1-fistdev2,https://github.com/UPT-FAING-EPIS/proyecto-si889-2025-ii-u1-fistdev2,HTML,False,False,False,False,False,False,False,False,False
proyecto-si889-2025-ii-u1-huaman_ancco_rivera,https://github.com/UPT-FAING-EPIS/proyecto-si889-2025-ii-u1-huaman_ancco_rivera,Java,False,False,False,False,False,False,False,False,False
proyecto-si885-2025-ii-u1-easybeca-dashboard,https://github.com/UPT-FAING-EPIS/proyecto-si885-2025-ii-u1-easybeca-dashboard,Python,False,False,False,False,False,False,False,False,False
proyecto-si889-2025-ii-u1-game-on,https://github.com/UPT-FAING-EPIS/proyecto-si889-2025-ii-u1-game-on,PHP,False,True,False,True,False,False,False,True,False
proyecto-si885-2025-ii-u1-proyectos-participantes-epis,https://github.com/UPT-FAING-EPIS/proyecto-si885-2025-ii-u1-proyectos-participantes-epis,HTML,False,False,False,True,True,False,True,True,True
proyecto-si889-2025-ii-u1-delacruz_mamani,https://github.com/UPT-FAING-EPIS/proyecto-si889-2025-ii-u1-delacruz_mamani,HTML,False,False,False,False,False,False,False,False,False
